lambdas,lower_eigs
0.0,0.0
0.07,0.20994525223388738
0.13,0.38979007579756875
0.2,0.5994286879990725
0.27,0.8087754199983954
0.34,1.017643649178161
0.4,1.196009950310329
0.47000000000000003,1.402558789503101
0.54,1.6049506359959558
0.61,1.790753733605591
0.67,1.8656273837420734
0.74,1.7348509852931755
0.81,1.540495919495811
0.88,1.3362410075938707
0.9400000000000001,1.1587247774954974
1.0,0.9801960972814431
