lambdas,J1
0.0,-1.0
0.1111111111111111,-1.0061539042374907
0.2222222222222222,-1.0243938285880987
0.3333333333333333,-1.0540925533894598
0.4444444444444444,-1.0943175335329005
0.5555555555555556,-1.1439589045541112
0.6666666666666666,-1.2018504251546631
0.7777777777777777,-1.2668615834434866
0.8888888888888888,-1.337954953199144
1.0,-1.4142135623730951
